rate	id
0.377159472	2013
0.377159472	2016
0.377159472	2020
0.377159472	2050
0.377159472	2060
0.377159472	2068
0.377159472	2070
0.377159472	2090
0.377159472	2100
0.377159472	2105
0.377159472	2110
0.377159472	2122
0.377159472	2130
0.377159472	2150
0.377159472	2164
0.377159472	2170
0.377159472	2180
0.377159472	2185
0.377159472	2188
0.377159472	2195
0.377159472	2198
0.377159472	2220
0.377159472	2230
0.377159472	2240
0.377159472	2261
0.377159472	2270
0.377159472	2275
0.377159472	2282
0.377159472	2290
0.23956855	1001
0.195653098	1003
0.466602502	1005
0.214220393	1007
0.084699023	1009
0.750904063	1011
0.427864134	1013
0.278558764	1015
0.418275512	1017
0.1451014	1019
0.159353602	1021
0.427765548	1023
0.441558442	1025
0.187766281	1027
0.104715248	1029
0.204455711	1031
0.296272233	1033
0.469050894	1035
0.340800306	1037
0.15039828	1039
0.265994882	1041
0.100059016	1043
0.236772842	1045
0.684783769	1047
0.141148509	1049
0.228586912	1051
0.308814829	1053
0.238073331	1055
0.165690581	1057
0.18377248	1059
0.130542928	1061
0.823940765	1063
0.595755306	1065
0.285144069	1067
0.250939805	1069
0.17623286	1071
0.522493115	1073
0.149329101	1075
0.254476593	1077
0.246939752	1079
0.363928002	1081
0.237055838	1083
0.731276213	1085
0.827274806	1087
0.39150828	1089
0.512148338	1091
0.110904585	1093
0.140511941	1095
0.41881545	1097
0.42317133	1099
0.620363321	1101
0.224360385	1103
0.727497621	1105
0.418369497	1107
0.386871401	1109
0.226061204	1111
0.500470318	1113
0.231100314	1117
0.146295174	1115
0.741511501	1119
0.364501174	1121
0.284857328	1123
0.388529887	1125
0.153404233	1127
0.278615167	1129
0.710254307	1131
0.084934178	1133
0.314415437	5001
0.299987542	5003
0.212701819	5005
0.295919883	5007
0.183823529	5009
0.364113907	5011
0.282666667	5013
0.312875375	5015
0.566401543	5017
0.431081889	5019
0.334392774	5021
0.175551471	5023
0.21915732	5025
0.355324205	5027
0.338777593	5029
0.299531	5031
0.202031144	5033
0.529687302	5035
0.292050944	5037
0.425027362	5039
0.526975864	5041
0.360805861	5043
0.313281857	5045
0.205434458	5047
0.224915683	5049
0.304509507	5051
0.205251641	5053
0.211898488	5055
0.339490263	5057
0.265509945	5059
0.291324989	5061
0.214089117	5063
0.205893254	5065
0.310818771	5067
0.612116965	5069
0.269089697	5071
0.362610229	5073
0.224373779	5075
0.577563249	5077
0.328264289	5079
0.269067797	5081
0.218395203	5083
0.210640365	5085
0.234001769	5087
0.204971718	5089
0.266812363	5091
0.432550981	5093
0.469269704	5095
0.213352685	5097
0.357562635	5099
0.187349236	5101
0.437202712	5103
0.24566817	5105
0.622570351	5107
0.172901921	5109
0.355479841	5111
0.148996429	5113
0.223624971	5115
0.238542891	5117
0.566652719	5119
0.225724695	5121
0.254892151	5125
0.16804773	5127
0.162520281	5129
0.279725417	5131
0.237989816	5133
0.20472879	5135
0.543847814	5123
0.215125746	5137
0.346860081	5139
0.217550274	5141
0.413240695	5143
0.187862009	5145
0.438039216	5147
0.230395993	5149
0.653625596	4001
0.354393121	4003
0.563288744	4005
0.315263109	4007
0.276488818	4009
0.336725254	4011
0.267288582	4012
0.456797129	4013
0.222202752	4015
0.433844503	4017
0.542321531	4019
0.380971164	4021
0.715797936	4023
0.320165984	4025
0.449863834	4027
0.793142475	6001
0.553043478	6003
0.343535436	6005
0.440265462	6007
0.34646727	6009
0.403245375	6011
0.689128114	6013
0.372289285	6015
0.394976913	6017
0.494118211	6019
0.326793901	6021
0.582590082	6023
0.68182798	6025
0.394572286	6027
0.397202894	6029
0.400062016	6031
0.478344193	6033
0.213394742	6035
0.714071865	6037
0.38767767	6039
0.788150008	6041
0.351695393	6043
0.603847836	6045
0.513980669	6047
0.237570706	6049
0.523088863	6051
0.669587074	6053
0.647661724	6055
0.48707078	6057
0.509601544	6059
0.411666622	6061
0.365118913	6063
0.496107441	6065
0.585567434	6067
0.57193262	6069
0.521920295	6071
0.560710166	6073
0.855316936	6075
0.53880958	6077
0.505727473	6079
0.763759178	6081
0.609655105	6083
0.73348019	6085
0.750469126	6087
0.282148469	6089
0.333148559	6091
0.358237548	6093
0.622546727	6095
0.707222967	6097
0.473539941	6099
0.38880673	6101
0.287256831	6103
0.397794741	6105
0.413435408	6107
0.365541922	6109
0.553749663	6111
0.680718251	6113
0.343527401	6115
0.493767309	8001
0.459330144	8003
0.526755853	8005
0.341426612	8007
0.131941149	8009
0.307082452	8011
0.705661018	8013
0.523003588	8014
0.433948541	8015
0.11802974	8017
0.467281273	8019
0.441561713	8021
0.609340659	8023
0.222369292	8025
0.260117493	8027
0.242962607	8029
0.751690767	8031
0.184552846	8033
0.366530358	8035
0.559550661	8037
0.194786156	8039
0.337746949	8041
0.241087751	8043
0.425592525	8045
0.457190823	8047
0.38987431	8049
0.545004839	8051
0.334465195	8053
0.432396607	8055
0.19837587	8057
0.490697156	8059
0.106682298	8061
0.145585386	8063
0.503937008	8065
0.498014452	8067
0.475355472	8069
0.390557299	8071
0.166111574	8073
0.189960833	8075
0.279902773	8077
0.363496933	8079
0.134254992	8081
0.308515662	8083
0.258092074	8085
0.263122476	8087
0.341206828	8089
0.514146638	8091
0.327086384	8093
0.186963979	8095
0.696928853	8097
0.235636802	8099
0.46488222	8101
0.126018626	8103
0.361698251	8105
0.543639268	8107
0.496859993	8109
0.523715415	8111
0.686615634	8113
0.195747801	8115
0.591619451	8117
0.249735971	8119
0.106720827	8121
0.342843262	8123
0.150300172	8125
0.581855274	9001
0.585615915	9003
0.40885112	9005
0.512499717	9007
0.541623106	9009
0.505520891	9011
0.49890358	9013
0.42948149	9015
0.928465919	11001
0.4490997	10001
0.623039913	10003
0.371680496	10005
0.58962504	12001
0.167167959	12003
0.248866909	12005
0.241692842	12007
0.380244769	12009
0.664719744	12011
0.20372507	12013
0.346968014	12015
0.286028396	12017
0.261068229	12019
0.357414739	12021
0.264810427	12023
0.349502834	12027
0.176339906	12029
0.474949502	12031
0.37671906	12033
0.382927212	12035
0.289521906	12037
0.679106844	12039
0.173081492	12041
0.29184845	12043
0.235609287	12045
0.348376445	12047
0.283357529	12049
0.415090942	12051
0.338929249	12053
0.326855162	12055
0.514932647	12057
0.10016459	12059
0.362929772	12061
0.303995809	12063
0.462897527	12065
0.152592593	12067
0.36843871	12069
0.382830413	12071
0.605140694	12073
0.26286983	12075
0.197572079	12077
0.414677173	12079
0.398082018	12081
0.355090695	12083
0.35173371	12085
0.636584344	12086
0.446552293	12087
0.23312633	12089
0.235562355	12091
0.28997946	12093
0.603845731	12095
0.609275545	12097
0.565111414	12099
0.373724119	12101
0.474704997	12103
0.41286272	12105
0.303809874	12107
0.210426389	12113
0.427449247	12115
0.470685498	12117
0.315539035	12109
0.4747497	12111
0.295254994	12119
0.211780455	12121
0.231598233	12123
0.178113473	12125
0.41794594	12127
0.283368092	12129
0.204445901	12131
0.202889447	12133
0.204769385	13001
0.267281106	13003
0.151371571	13005
0.451388889	13007
0.495489891	13009
0.098473942	13011
0.228250312	13013
0.208949902	13015
0.354212392	13017
0.158616486	13019
0.589486859	13021
0.221726794	13023
0.098488465	13025
0.39948947	13027
0.266215229	13029
0.36487102	13031
0.505882353	13033
0.270760789	13035
0.58230351	13037
0.314156707	13039
0.272291722	13043
0.283970373	13045
0.179894379	13047
0.250499002	13049
0.556516654	13051
0.428468208	13053
0.195488722	13055
0.227412587	13057
0.667420456	13059
0.548387097	13061
0.850643238	13063
0.280392959	13065
0.488370953	13067
0.294329303	13069
0.254561507	13071
0.293861972	13073
0.290162305	13075
0.270276441	13077
0.275159977	13079
0.378	13081
0.154697018	13083
0.123630137	13085
0.400859543	13087
0.808227234	13089
0.262473195	13091
0.484880083	13093
0.684568902	13095
0.539893663	13097
0.45273944	13099
0.132765957	13101
0.207351998	13103
0.316860465	13105
0.310410819	13107
0.313714603	13109
0.163209793	13111
0.385099442	13113
0.266481752	13115
0.240736174	13117
0.146683975	13119
0.692273309	13121
0.153779596	13123
0.099280576	13125
0.344819482	13127
0.168488064	13129
0.327092631	13131
0.361680444	13133
0.509562222	13135
0.153955853	13137
0.230319536	13139
0.754479283	13141
0.130246532	13143
0.249023914	13145
0.256326288	13147
0.176652401	13149
0.509011904	13151
0.377105055	13153
0.243235857	13155
0.165169827	13157
0.256648936	13159
0.177048536	13161
0.549322181	13163
0.365194463	13165
0.308527974	13167
0.31619291	13169
0.299273927	13171
0.28137015	13173
0.346410942	13175
0.224443499	13177
0.592650168	13179
0.31	13181
0.330007301	13183
0.396979328	13185
0.179811749	13187
0.630977373	13193
0.202846379	13195
0.381087025	13197
0.399115235	13189
0.389954183	13191
0.413898268	13199
0.24488189	13201
0.444444444	13205
0.281656805	13207
0.237921348	13209
0.281717011	13211
0.1448237	13213
0.579654567	13215
0.500970608	13217
0.276037835	13219
0.275037594	13221
0.278695376	13223
0.47509113	13225
0.141396081	13227
0.123749486	13229
0.142824207	13231
0.202217827	13233
0.306837132	13235
0.291061393	13237
0.441570881	13239
0.181532268	13241
0.55164076	13243
0.649842566	13245
0.617361462	13247
0.210057622	13249
0.403579575	13251
0.331562762	13253
0.360331534	13255
0.188012295	13257
0.594252314	13259
0.503052948	13261
0.617021277	13263
0.607580825	13265
0.243930804	13267
0.380658436	13269
0.346072746	13271
0.542474276	13273
0.38109984	13275
0.304157549	13277
0.256697409	13279
0.179304193	13281
0.318518519	13283
0.372077695	13285
0.366666667	13287
0.486059709	13289
0.162970346	13291
0.317740754	13293
0.175988972	13295
0.204799011	13297
0.282798354	13299
0.563036021	13301
0.497150321	13303
0.19651118	13305
0.422800718	13307
0.307326356	13309
0.142044006	13311
0.261017061	13313
0.286579213	13315
0.412527964	13317
0.442703461	13319
0.243769659	13321
0.636059508	15001
0.614786319	15003
0.624871844	15007
0.64454584	15009
0.29981378	19001
0.271373679	19003
0.352347521	19005
0.297408136	19007
0.319325244	19009
0.341271001	19011
0.506255833	19013
0.394522311	19015
0.400674157	19017
0.391240012	19019
0.34857562	19021
0.290063028	19023
0.273457395	19025
0.316722568	19027
0.275832743	19029
0.381206052	19031
0.434763399	19033
0.270934368	19035
0.355583477	19037
0.332122588	19039
0.262936081	19041
0.355682568	19043
0.443071918	19045
0.289274264	19047
0.416354308	19049
0.252980819	19051
0.324331623	19053
0.322531369	19055
0.437022391	19057
0.297745682	19059
0.464424822	19061
0.288081581	19063
0.373586059	19065
0.397871008	19067
0.303153611	19069
0.269836804	19071
0.354472911	19073
0.27298256	19075
0.304209409	19077
0.357754645	19079
0.27205503	19081
0.329336341	19083
0.287747357	19085
0.311975016	19087
0.371422232	19089
0.248559507	19091
0.220612813	19093
0.349300262	19095
0.376029008	19097
0.378568385	19099
0.462692163	19101
0.66028531	19103
0.377484767	19105
0.260395224	19107
0.297354497	19109
0.389794249	19111
0.510020582	19113
0.332389237	19115
0.287642541	19117
0.144728535	19119
0.312800657	19121
0.24833238	19123
0.311552922	19125
0.430677966	19127
0.273396425	19129
0.350559701	19131
0.274917127	19133
0.273933403	19135
0.262505002	19137
0.434035419	19139
0.17882417	19141
0.172661871	19143
0.258467279	19145
0.298459564	19147
0.220418167	19149
0.251109371	19151
0.523907714	19153
0.363306967	19155
0.440730424	19157
0.280551416	19159
0.246025591	19161
0.474822687	19163
0.262998405	19165
0.127244427	19167
0.512880801	19169
0.369847151	19171
0.251415251	19173
0.332871012	19175
0.239081112	19177
0.372832755	19179
0.385309853	19181
0.363821138	19183
0.246148579	19185
0.365044376	19187
0.335840476	19189
0.466969778	19191
0.375049496	19193
0.361242884	19195
0.317700454	19197
0.386917331	16001
0.19010536	16003
0.309594372	16005
0.087090164	16007
0.186068702	16009
0.175879699	16011
0.598340017	16013
0.20383001	16015
0.305679453	16017
0.201981363	16019
0.181165049	16021
0.130081301	16023
0.183639399	16025
0.231685808	16027
0.089291598	16029
0.12668134	16031
0.155477032	16033
0.185214417	16035
0.176958143	16037
0.212935791	16039
0.07001273	16041
0.113930697	16043
0.154552314	16045
0.179156232	16047
0.145445701	16049
0.085084125	16051
0.198462548	16053
0.245361011	16055
0.445993607	16057
0.180186824	16059
0.169811321	16061
0.205949657	16063
0.076560209	16065
0.169868996	16067
0.280779296	16069
0.088974855	16071
0.150765306	16073
0.156408908	16075
0.253444525	16077
0.2703125	16079
0.434353605	16081
0.214592544	16083
0.357636941	16085
0.174225415	16087
0.240258105	17001
0.44751773	17003
0.276869472	17005
0.3960361	17007
0.203339041	17009
0.368643808	17011
0.289123631	17013
0.331384281	17015
0.319944598	17017
0.557132607	17019
0.260091444	17021
0.239544699	17023
0.161516406	17025
0.228109798	17027
0.337581094	17029
0.743757709	17031
0.231456448	17033
0.186468348	17035
0.477596526	17037
0.255321998	17039
0.240573618	17041
0.538831131	17043
0.228446614	17045
0.130434783	17047
0.176210695	17049
0.190646348	17051
0.224200986	17053
0.254195219	17055
0.39195336	17057
0.243775548	17059
0.21688921	17061
0.35039972	17063
0.19309679	17065
0.223074955	17067
0.196436943	17069
0.330747126	17071
0.364600528	17073
0.193144007	17075
0.47407075	17077
0.181034483	17079
0.262100131	17081
0.245027042	17083
0.398317974	17085
0.188632209	17087
0.513638243	17089
0.406134548	17091
0.460336515	17093
0.452513203	17095
0.572891332	17097
0.397898735	17099
0.213280344	17101
0.361419652	17103
0.265302067	17105
0.272135202	17107
0.385148996	17115
0.298523833	17117
0.393551313	17119
0.254879518	17121
0.302219211	17123
0.312140525	17125
0.234433891	17127
0.408830364	17109
0.426893575	17111
0.454687006	17113
0.281488401	17129
0.363668766	17131
0.289504037	17133
0.27203991	17135
0.321284316	17137
0.23771944	17139
0.337213211	17141
0.483263409	17143
0.250669689	17145
0.295875941	17147
0.189326897	17149
0.175422139	17151
0.330367974	17153
0.371586476	17155
0.243799886	17157
0.206946265	17159
0.512267552	17161
0.227078512	17165
0.422205407	17167
0.283227848	17169
0.204413473	17171
0.208852639	17173
0.504861536	17163
0.27632065	17175
0.385710627	17177
0.324687831	17179
0.280596664	17181
0.331420517	17183
0.212143651	17185
0.387402597	17187
0.196041215	17189
0.126937984	17191
0.193716559	17193
0.436533122	17195
0.502491323	17197
0.271752275	17199
0.465331293	17201
0.261385322	17203
0.21489378	18001
0.378785488	18003
0.303837723	18005
0.235358511	18007
0.257776856	18009
0.317550919	18011
0.318411735	18013
0.219653851	18015
0.265864874	18017
0.367701158	18019
0.204813927	18021
0.23697041	18023
0.288172511	18025
0.167660209	18027
0.204224174	18029
0.191167192	18031
0.234360133	18033
0.404930759	18035
0.270572877	18037
0.317041741	18039
0.236306401	18041
0.374452653	18043
0.197484613	18045
0.178980892	18047
0.234057798	18049
0.240434333	18051
0.278497563	18053
0.212816973	18055
0.372414242	18057
0.247064701	18059
0.257772021	18061
0.300233862	18063
0.255242839	18065
0.305136856	18067
0.219481658	18069
0.219199179	18071
0.249718701	18073
0.237251947	18075
0.321298566	18077
0.21268556	18079
0.26148666	18081
0.243622037	18083
0.197793588	18085
0.217755444	18087
0.583759058	18089
0.439947549	18091
0.220696163	18093
0.346533731	18095
0.58901598	18097
0.266437139	18099
0.183274392	18101
0.205803571	18103
0.593217986	18105
0.222634263	18107
0.193617704	18109
0.242272492	18111
0.231142688	18113
0.235173123	18115
0.250091586	18117
0.228403756	18119
0.21913017	18121
0.381557632	18123
0.216998494	18125
0.438359567	18127
0.282374679	18129
0.24406842	18131
0.228610354	18133
0.23393267	18135
0.193197811	18137
0.211394511	18139
0.291611479	18143
0.236799554	18145
0.287277839	18147
0.477350802	18141
0.269781054	18149
0.257467309	18151
0.246874635	18153
0.255564716	18155
0.439417921	18157
0.211318242	18159
0.217589775	18161
0.393234849	18163
0.30102705	18165
0.402385706	18167
0.224972046	18169
0.214085226	18171
0.306866156	18173
0.232595076	18175
0.325395894	18177
0.196982397	18179
0.258836599	18181
0.217508851	18183
0.26307866	20001
0.202929509	20003
0.304395433	20005
0.127206881	20007
0.180709754	20009
0.220682663	20011
0.214646465	20013
0.239880226	20015
0.233233979	20017
0.127913279	20019
0.233603625	20021
0.133427963	20023
0.120040692	20025
0.17842769	20027
0.194205168	20029
0.181474003	20031
0.119019837	20033
0.28231041	20035
0.351569009	20037
0.121917808	20039
0.197552448	20041
0.173499703	20043
0.623851879	20045
0.159021407	20047
0.127084988	20049
0.22890223	20051
0.196115765	20053
0.30890967	20055
0.273670034	20057
0.265434415	20059
0.360359097	20061
0.112198795	20063
0.146245059	20065
0.184768498	20067
0.127797116	20069
0.129890454	20071
0.172180719	20073
0.13459268	20075
0.154397135	20077
0.344291609	20079
0.175384615	20081
0.123260437	20083
0.259996508	20085
0.304625199	20087
0.12137559	20089
0.451555479	20091
0.169056604	20093
0.181042365	20095
0.108504399	20097
0.282106327	20099
0.125150421	20101
0.339129263	20103
0.147790055	20105
0.168497312	20107
0.110534125	20109
0.379395487	20111
0.21537054	20115
0.231542158	20117
0.255806478	20113
0.122985075	20119
0.268420337	20121
0.166076487	20123
0.219994838	20125
0.228193146	20127
0.125	20129
0.142089552	20131
0.23801008	20133
0.111498258	20135
0.126484018	20137
0.250942849	20139
0.131774102	20141
0.147941382	20143
0.217909301	20145
0.113366526	20147
0.211506902	20149
0.202049396	20151
0.110497238	20153
0.284459229	20155
0.148953301	20157
0.187272218	20159
0.434285714	20161
0.114802355	20163
0.154002714	20165
0.144218551	20167
0.286899934	20169
0.107457156	20171
0.369106501	20173
0.314358001	20175
0.451743428	20177
0.092511013	20179
0.134016555	20181
0.146474677	20183
0.160828025	20185
0.177897574	20187
0.116028063	20189
0.214767221	20191
0.134079816	20193
0.132282385	20195
0.231437126	20197
0.057766367	20199
0.141202839	20201
0.14882227	20203
0.157955198	20205
0.190140845	20207
0.61824004	20209
0.160792416	21001
0.166852195	21003
0.230769231	21005
0.199170124	21007
0.231418827	21009
0.297356347	21011
0.177064031	21013
0.2610947	21015
0.31748379	21017
0.294526244	21019
0.331141708	21021
0.200170358	21023
0.268331006	21025
0.223616657	21027
0.229076479	21029
0.169865471	21031
0.210984595	21033
0.296090779	21035
0.345129618	21037
0.166217776	21039
0.28719813	21041
0.221681114	21043
0.119136378	21045
0.325705741	21047
0.290619403	21049
0.111209701	21051
0.122810956	21053
0.152874133	21055
0.149950996	21057
0.309560238	21059
0.186867723	21061
0.259922726	21063
0.200072228	21065
0.512636652	21067
0.21568	21069
0.24302403	21071
0.449538591	21073
0.325073499	21075
0.224655069	21077
0.190857743	21079
0.19997906	21081
0.199493427	21083
0.185441121	21085
0.15606828	21087
0.254903166	21089
0.289841566	21091
0.323429128	21093
0.127699181	21095
0.261255467	21097
0.238259193	21099
0.340595166	21101
0.255950714	21103
0.208159481	21105
0.212054121	21107
0.087684191	21109
0.540918084	21111
0.263781556	21113
0.130753138	21115
0.336735971	21117
0.216296039	21119
0.146737772	21121
0.200974996	21123
0.13864818	21125
0.173099221	21127
0.166729253	21129
0.089146423	21131
0.16887526	21133
0.148309087	21135
0.195185767	21137
0.19108143	21139
0.252845081	21141
0.263955544	21143
0.31601372	21151
0.229219636	21153
0.330414406	21155
0.220170284	21157
0.091875475	21159
0.273155851	21161
0.291970336	21145
0.115038115	21147
0.216429354	21149
0.247566064	21163
0.251889169	21165
0.226391908	21167
0.211438475	21169
0.12041675	21171
0.27612136	21173
0.211078473	21175
0.250804844	21177
0.309908001	21179
0.27740571	21181
0.200038469	21183
0.312686522	21185
0.212527517	21187
0.145702903	21189
0.193806194	21191
0.202157865	21193
0.173600682	21195
0.256865913	21197
0.150205247	21199
0.219151037	21201
0.136853126	21203
0.373201948	21205
0.133765757	21207
0.319259903	21209
0.305208384	21211
0.284954811	21213
0.20201914	21215
0.225909212	21217
0.218402851	21219
0.235459941	21221
0.232171157	21223
0.214366243	21225
0.350421348	21227
0.252624088	21229
0.179143716	21231
0.213645762	21233
0.150163458	21235
0.285876993	21237
0.365985089	21239
0.205871613	22001
0.22779881	22003
0.301318991	22005
0.360509905	22007
0.303479887	22009
0.158708051	22011
0.446680942	22013
0.253683408	22015
0.505480579	22017
0.313860074	22019
0.167945439	22021
0.087486457	22023
0.272240527	22025
0.423142813	22027
0.368925471	22029
0.382529451	22031
0.523149563	22033
0.625382783	22035
0.421728739	22037
0.282814705	22039
0.273521065	22041
0.13391541	22043
0.329635792	22045
0.518855576	22047
0.286575563	22049
0.405429246	22051
0.215731596	22053
0.309908238	22055
0.202262031	22057
0.092113276	22059
0.380518646	22061
0.120450607	22063
0.579881657	22065
0.434947688	22067
0.429860986	22069
0.808077576	22071
0.359186315	22073
0.316590995	22075
0.405067596	22077
0.322284387	22079
0.438263229	22081
0.328991246	22083
0.174041901	22085
0.313595243	22087
0.326765941	22089
0.562206573	22091
0.531071576	22093
0.610318226	22095
0.430522892	22097
0.321022176	22099
0.351974116	22101
0.22281713	22103
0.322044253	22105
0.522611089	22107
0.242954457	22109
0.247016706	22111
0.187898468	22113
0.160223652	22115
0.305552572	22117
0.345038589	22119
0.423446105	22121
0.150241647	22123
0.38754743	22125
0.258008794	22127
0.539938342	25001
0.674965508	25003
0.518633061	25005
0.729228616	25007
0.584960387	25009
0.641508937	25011
0.550958945	25013
0.662852701	25015
0.6632275	25017
0.647095565	25019
0.612466844	25021
0.506601859	25023
0.794723195	25025
0.517429102	25027
0.23971371	24001
0.477790721	24003
0.565454887	24005
0.854445401	24510
0.383680516	24009
0.282111128	24011
0.286454836	24013
0.299014394	24015
0.635527042	24017
0.4058002	24019
0.451375237	24021
0.174506005	24023
0.352613022	24025
0.640760651	24027
0.455814968	24029
0.758660299	24031
0.893292622	24033
0.296999959	24035
0.397354015	24039
0.34948748	24037
0.419892157	24041
0.316032998	24043
0.421646609	24045
0.34347503	24047
0.415160824	23001
0.382604468	23003
0.601083802	23005
0.427359297	23007
0.503611294	23009
0.443885513	23011
0.540376178	23013
0.477836879	23015
0.391458159	23017
0.409233684	23019
0.3388014	23021
0.49448972	23023
0.350123229	23025
0.46142289	23027
0.383960384	23029
0.489882592	23031
0.280304256	26001
0.368491026	26003
0.325131906	26005
0.33203976	26007
0.327733569	26009
0.300120692	26011
0.331612163	26013
0.300974723	26015
0.408845311	26017
0.401917621	26019
0.410339167	26021
0.287446938	26023
0.410880142	26025
0.312392575	26027
0.352646393	26029
0.315234117	26031
0.348451471	26033
0.317519612	26035
0.406518095	26037
0.308795551	26039
0.348242812	26041
0.298554033	26043
0.440577524	26045
0.371364653	26047
0.523843271	26049
0.304201411	26051
0.399972651	26053
0.407384376	26055
0.344544459	26057
0.24139839	26059
0.385201306	26061
0.288932357	26063
0.608834415	26065
0.311257776	26067
0.325417634	26069
0.339086294	26071
0.449968434	26073
0.370793623	26075
0.533016846	26077
0.255493274	26079
0.452434127	26081
0.368789363	26083
0.363926426	26085
0.282187652	26087
0.45903639	26089
0.364963504	26091
0.325620163	26093
0.264363354	26095
0.342477004	26097
0.420843751	26099
0.395221464	26101
0.48764325	26103
0.360281075	26105
0.339786576	26107
0.328750581	26109
0.369404658	26111
0.214354198	26113
0.362464744	26115
0.296505498	26117
0.256789137	26119
0.475140701	26121
0.274806459	26123
0.517110312	26125
0.3337814	26127
0.291738879	26129
0.343567251	26131
0.255260923	26133
0.257016248	26135
0.283821534	26137
0.318255906	26139
0.332640333	26141
0.328858546	26143
0.471294507	26145
0.253234943	26151
0.329800048	26153
0.368552462	26155
0.314806267	26147
0.316810436	26149
0.286462515	26157
0.399181044	26159
0.683890578	26161
0.667795474	26163
0.290333137	26165
0.341208492	27001
0.410133417	27003
0.304739614	27005
0.40758116	27007
0.283260509	27009
0.337486259	27011
0.433846524	27013
0.275415355	27015
0.468464478	27017
0.39033066	27019
0.311551778	27021
0.319961178	27023
0.309207238	27025
0.44571939	27027
0.26035503	27029
0.569047619	27031
0.294540986	27033
0.308760684	27035
0.482163396	27037
0.293638773	27039
0.287980391	27041
0.292726037	27043
0.352769679	27045
0.379245401	27047
0.369880179	27049
0.319721981	27051
0.638202377	27053
0.394198764	27055
0.300446468	27057
0.270946108	27059
0.381183932	27061
0.273610856	27063
0.2864	27065
0.335643016	27067
0.348286077	27069
0.365277998	27071
0.339243807	27073
0.475432633	27075
0.247982063	27077
0.310957153	27079
0.286475683	27081
0.315359881	27083
0.448408872	27087
0.255527743	27089
0.261056452	27091
0.266431171	27085
0.261682243	27093
0.286453506	27095
0.207425573	27097
0.423267186	27099
0.27897458	27101
0.440214357	27103
0.318086592	27105
0.391089109	27107
0.457459288	27109
0.289276422	27111
0.321690901	27113
0.333600408	27115
0.235823394	27117
0.320587835	27119
0.334604385	27121
0.657335201	27123
0.288615714	27125
0.249405234	27127
0.279915377	27129
0.448117454	27131
0.28562513	27133
0.238959701	27135
0.383142896	27139
0.277420835	27141
0.252879513	27143
0.519225238	27137
0.323795657	27145
0.327678571	27147
0.395514019	27149
0.337962963	27151
0.233004019	27153
0.352317141	27155
0.328629718	27157
0.24427038	27159
0.296273097	27161
0.469648495	27163
0.364916516	27165
0.272339128	27167
0.439656506	27169
0.294068311	27171
0.290119931	27173
0.344776561	29001
0.223741794	29003
0.198677929	29005
0.255600916	29007
0.185565598	29009
0.134018881	29011
0.201595811	29013
0.211185309	29015
0.124360557	29017
0.492990205	29019
0.337710542	29021
0.176183844	29023
0.194244604	29025
0.260783186	29027
0.212153999	29029
0.229640678	29031
0.170832378	29033
0.153413089	29035
0.292142364	29037
0.160879261	29039
0.224129228	29041
0.20546456	29043
0.218335344	29045
0.413614435	29047
0.252231048	29049
0.292718929	29051
0.24222668	29053
0.183870968	29055
0.161225006	29057
0.170833333	29059
0.197885606	29061
0.179520697	29063
0.144290351	29065
0.147659064	29067
0.223188954	29069
0.246558098	29071
0.204056959	29073
0.19947247	29075
0.332264966	29077
0.17675051	29079
0.155893536	29081
0.239066464	29083
0.215391138	29085
0.147359455	29087
0.263656978	29089
0.165374677	29091
0.219014085	29093
0.556761646	29095
0.219286411	29097
0.297690834	29099
0.28093138	29101
0.202999464	29103
0.159345824	29105
0.255896301	29107
0.173803526	29109
0.209568733	29111
0.223719677	29113
0.222361809	29115
0.197409488	29117
0.200290276	29121
0.18898082	29123
0.176522899	29125
0.231979538	29127
0.161423539	29119
0.124209316	29129
0.153320484	29131
0.282284608	29133
0.181698002	29135
0.205690861	29137
0.206120944	29139
0.200567215	29141
0.262921654	29143
0.188183807	29145
0.267930925	29147
0.185463122	29149
0.141000283	29151
0.160853144	29153
0.322987552	29155
0.174072377	29157
0.23951233	29159
0.257365263	29161
0.244881356	29163
0.405544478	29165
0.191844774	29167
0.217064643	29169
0.15029889	29171
0.216103304	29173
0.221456979	29175
0.285002307	29177
0.178100264	29179
0.150416818	29181
0.301460249	29195
0.183135023	29197
0.18546748	29199
0.207260496	29201
0.198770492	29203
0.186346863	29205
0.341957667	29183
0.202159827	29185
0.252893097	29187
0.557834965	29189
0.796582498	29510
0.3002719	29186
0.141060401	29207
0.174507196	29209
0.211755233	29211
0.186631907	29213
0.158024691	29215
0.198927239	29217
0.248319168	29219
0.20756547	29221
0.164865807	29223
0.190113841	29225
0.186424474	29227
0.144199852	29229
0.566644834	28001
0.181584467	28003
0.382198208	28005
0.393123447	28007
0.428678679	28009
0.655443847	28011
0.297207761	28013
0.301279707	28015
0.462484157	28017
0.29800995	28019
0.854096141	28021
0.331388565	28023
0.571787149	28025
0.715664273	28027
0.520997816	28029
0.371672355	28031
0.310705695	28033
0.413099252	28035
0.34866082	28037
0.1030414	28039
0.179530516	28041
0.420034476	28043
0.189530171	28045
0.333123913	28047
0.709251005	28049
0.826117814	28051
0.736871353	28053
0.56509299	28055
0.11417895	28057
0.287847795	28059
0.515706188	28061
0.864731796	28063
0.596440596	28065
0.274265487	28067
0.609398577	28069
0.405661338	28071
0.208610778	28073
0.376635482	28075
0.344604203	28077
0.424253201	28079
0.301338588	28081
0.697992891	28083
0.293424603	28085
0.459246589	28087
0.407520867	28089
0.312155903	28091
0.540481698	28093
0.347569862	28095
0.426477655	28097
0.255604522	28099
0.296602281	28101
0.781870711	28103
0.486099932	28105
0.491450114	28107
0.154501667	28109
0.224594993	28111
0.488453912	28113
0.179747693	28115
0.209401276	28117
0.686847599	28119
0.223955277	28121
0.405290362	28123
0.669781931	28125
0.339085494	28127
0.21148756	28129
0.219849246	28131
0.697427174	28133
0.568483816	28135
0.334006497	28137
0.19774691	28139
0.119133574	28141
0.744152469	28143
0.17311412	28145
0.418852598	28147
0.465795374	28149
0.675794386	28151
0.366372981	28153
0.199243631	28155
0.677048395	28157
0.430737658	28159
0.424892704	28161
0.527800243	28163
0.238451668	30001
0.496865959	30003
0.45288058	30005
0.182757507	30007
0.307952051	30009
0.09009009	30011
0.35669261	30013
0.283547258	30015
0.227793975	30017
0.175420168	30019
0.182918315	30021
0.492315199	30023
0.104477612	30025
0.206848841	30027
0.286776179	30029
0.457723936	30031
0.047552448	30033
0.619038036	30035
0.151709402	30037
0.266174801	30039
0.370253663	30041
0.302218822	30043
0.195121951	30045
0.364630175	30047
0.425290085	30049
0.21601686	30051
0.220540541	30053
0.249575191	30057
0.145833333	30055
0.196907216	30059
0.260891591	30061
0.536746346	30063
0.137687188	30065
0.388803004	30067
0.094043887	30069
0.146716348	30071
0.273774146	30073
0.121298949	30075
0.19833815	30077
0.145772595	30079
0.27947242	30081
0.139027431	30083
0.431440046	30085
0.288650581	30087
0.206268097	30089
0.260821918	30091
0.530021089	30093
0.187707641	30095
0.191622532	30097
0.255488387	30099
0.197720515	30101
0.133786848	30103
0.229533679	30105
0.192060086	30107
0.103189493	30109
0.32650947	30111
0.422557173	37001
0.208206096	37003
0.24932873	37005
0.556571099	37007
0.264133739	37009
0.20719603	37011
0.368617314	37013
0.62228145	37015
0.445975989	37017
0.343721656	37019
0.557123421	37021
0.290398002	37023
0.385134393	37025
0.235068677	37027
0.256327192	37029
0.265608494	37031
0.432620067	37033
0.296207697	37035
0.536156602	37037
0.202669553	37039
0.417135622	37041
0.229736619	37043
0.337494619	37045
0.383052147	37047
0.378122905	37049
0.566896031	37051
0.231747565	37053
0.372402546	37055
0.240623221	37057
0.244871194	37059
0.397844765	37061
0.789030377	37063
0.655173813	37065
0.536134347	37067
0.428432881	37069
0.326566321	37071
0.445007508	37073
0.185881778	37075
0.476485884	37077
0.44552602	37079
0.586896587	37081
0.628672481	37083
0.365965966	37085
0.345337578	37087
0.346136244	37089
0.681782178	37091
0.538353785	37093
0.420589529	37095
0.302761158	37097
0.42012886	37099
0.332962757	37101
0.405040683	37103
0.420651645	37105
0.460862745	37107
0.249334584	37109
0.279245501	37113
0.355553529	37115
0.490550118	37117
0.237510866	37111
0.632820451	37119
0.199421238	37121
0.35880863	37123
0.338206342	37125
0.490885444	37127
0.461839116	37129
0.6262678	37131
0.309876454	37133
0.74038582	37135
0.358387478	37137
0.498408394	37139
0.335623522	37141
0.347384382	37143
0.402631715	37145
0.523446284	37147
0.346451553	37149
0.205517567	37151
0.44065274	37153
0.465782937	37155
0.339754435	37157
0.304511874	37159
0.250335976	37161
0.409002262	37163
0.529651459	37165
0.237954569	37167
0.209404021	37169
0.234911411	37171
0.365429622	37173
0.373853211	37175
0.414705882	37177
0.328690297	37179
0.615727153	37181
0.58392962	37183
0.658698014	37185
0.570727719	37187
0.485001217	37189
0.43192036	37191
0.213850344	37193
0.519431809	37195
0.180979827	37197
0.32432708	37199
0.179104478	38001
0.304016752	38003
0.434020619	38005
0.097972973	38007
0.213558336	38009
0.128321085	38011
0.114451988	38013
0.231791612	38015
0.397058637	38017
0.24174708	38019
0.232293423	38021
0.204717776	38023
0.161891769	38025
0.290401969	38027
0.109749872	38029
0.203649205	38031
0.105095541	38033
0.364444145	38035
0.137398971	38037
0.238973536	38039
0.133227597	38041
0.131811487	38043
0.236406619	38045
0.108737864	38047
0.176404913	38049
0.16373858	38051
0.151501959	38053
0.205532078	38055
0.134969325	38057
0.197915997	38059
0.302070342	38061
0.316410862	38063
0.118762475	38065
0.220174588	38067
0.213366337	38069
0.288424684	38071
0.360811394	38073
0.15936255	38075
0.276675603	38077
0.572637903	38079
0.350353893	38081
0.121447028	38083
0.644010195	38085
0.098360656	38087
0.144036319	38089
0.366869919	38091
0.249949688	38093
0.26824978	38095
0.320652174	38097
0.256658596	38099
0.215628607	38101
0.178146259	38103
0.137441137	38105
0.248405709	31001
0.118322981	31003
0.060836502	31005
0.046153846	31007
0.095846645	31009
0.144401814	31011
0.200168032	31013
0.112084063	31015
0.09689677	31017
0.229037457	31019
0.263411865	31021
0.17629024	31023
0.274486478	31025
0.131192661	31027
0.092382496	31029
0.102855289	31031
0.153644123	31033
0.158089472	31035
0.270176545	31037
0.178535607	31039
0.115685917	31041
0.400055104	31043
0.219396311	31045
0.249351874	31047
0.122824974	31049
0.202623907	31051
0.297546627	31053
0.479235279	31055
0.093782929	31057
0.211879125	31059
0.150966184	31061
0.122900763	31063
0.131317495	31065
0.297341181	31067
0.143932267	31069
0.125	31071
0.165	31073
0.050761421	31075
0.180257511	31077
0.287937743	31079
0.178090575	31081
0.138432364	31083
0.058823529	31085
0.109722222	31087
0.104840329	31089
0.096618357	31091
0.183908046	31093
0.242274052	31095
0.273037543	31097
0.169648365	31099
0.141951838	31101
0.075875486	31103
0.138753056	31105
0.176065009	31107
0.466345154	31109
0.18361618	31111
0.070953437	31113
0.12565445	31115
0.190813987	31119
0.048951049	31117
0.162125708	31121
0.130193906	31123
0.175109443	31125
0.252059308	31127
0.161634928	31129
0.277098503	31131
0.212328767	31133
0.112834979	31135
0.123888045	31137
0.106703911	31139
0.185947177	31141
0.161938534	31143
0.126062043	31145
0.217675941	31147
0.088272383	31149
0.339937435	31151
0.35617953	31153
0.236742782	31155
0.22677222	31157
0.242584473	31159
0.111500975	31161
0.217643271	31163
0.108603667	31165
0.151746725	31167
0.187523919	31169
0.07751938	31171
0.44898965	31173
0.155156538	31175
0.246220711	31177
0.221390374	31179
0.181387078	31181
0.135076253	31183
0.188778772	31185
0.392229122	33001
0.446856828	33003
0.537098345	33005
0.429891839	33007
0.569459702	33009
0.472832847	33011
0.490327145	33013
0.446881372	33015
0.513766601	33017
0.461970047	33019
0.515160113	34001
0.544974151	34003
0.555731635	34005
0.645876146	34007
0.385033592	34009
0.510109774	34011
0.770596515	34013
0.479485215	34015
0.744594762	34017
0.407993539	34019
0.663126539	34021
0.583323899	34023
0.436071711	34025
0.459867067	34027
0.315283214	34029
0.595497596	34031
0.402669405	34033
0.543530266	34035
0.326726239	34037
0.66281651	34039
0.35074935	34041
0.526048595	35001
0.210474308	35003
0.274319163	35005
0.466583072	35006
0.401821286	35007
0.245837761	35009
0.212624585	35011
0.541558479	35013
0.256517953	35015
0.492836223	35017
0.531785517	35019
0.29601518	35021
0.424836601	35023
0.223213772	35025
0.262985547	35027
0.521860019	35028
0.440993789	35029
0.633062383	35031
0.631123919	35033
0.307241801	35035
0.286197183	35037
0.645628767	35039
0.246797609	35041
0.452250111	35043
0.282038878	35045
0.679891202	35047
0.712822123	35049
0.311951647	35051
0.484754292	35053
0.699973461	35055
0.2832	35057
0.188388626	35059
0.395246801	35061
0.384154141	32510
0.202084857	32001
0.523983533	32003
0.303290158	32005
0.183337827	32007
0.153664303	32009
0.086651054	32011
0.215451578	32013
0.167012018	32015
0.133677298	32017
0.258648262	32019
0.318978468	32021
0.260055125	32023
0.216952573	32027
0.293979672	32029
0.463642358	32031
0.187384045	32033
0.59513387	36001
0.261410788	36003
0.88726986	36005
0.453429826	36007
0.300990988	36009
0.405059089	36011
0.349952411	36013
0.373369483	36015
0.328106885	36017
0.473817746	36019
0.481489635	36021
0.432913591	36023
0.327652154	36025
0.473165334	36027
0.501150691	36029
0.448305591	36031
0.430221811	36033
0.29673363	36035
0.28393901	36037
0.337590757	36039
0.279761905	36041
0.300441037	36043
0.358666783	36045
0.797387092	36047
0.2742436	36049
0.334087938	36051
0.385075935	36053
0.543668245	36055
0.341839661	36057
0.512509818	36059
0.871675505	36061
0.382418605	36063
0.366600696	36065
0.536121732	36067
0.424492279	36069
0.447855463	36071
0.258760914	36073
0.353882417	36075
0.403274844	36077
0.392952519	36079
0.754981093	36081
0.455198436	36083
0.404051217	36085
0.511961143	36087
0.447175014	36091
0.50090055	36093
0.298035193	36095
0.327792948	36097
0.406615856	36099
0.416993799	36089
0.292262789	36101
0.442614908	36103
0.41431212	36105
0.333333333	36107
0.677007444	36109
0.518707703	36111
0.412289611	36113
0.36775144	36115
0.338215203	36117
0.649051798	36119
0.220208845	36121
0.358662953	36123
0.207267468	39001
0.287100099	39003
0.235066877	39005
0.381597126	39007
0.55660141	39009
0.167322835	39011
0.283328421	39013
0.223104655	39015
0.336654356	39017
0.243929101	39019
0.255043473	39021
0.380174438	39023
0.270551034	39025
0.217845304	39027
0.271160602	39029
0.261212486	39031
0.241578441	39033
0.658357766	39035
0.1758	39037
0.296824951	39039
0.395440605	39041
0.427225701	39043
0.342349239	39045
0.247018582	39047
0.60565051	39049
0.289034939	39051
0.20368605	39053
0.35220371	39055
0.35190185	39057
0.265288438	39059
0.525536709	39061
0.267463653	39063
0.238887964	39065
0.239074181	39067
0.269914417	39069
0.201548569	39071
0.296731399	39073
0.163171025	39075
0.290974848	39077
0.237329103	39079
0.302526638	39081
0.286624892	39083
0.399468038	39085
0.263940807	39087
0.331994106	39089
0.215975627	39091
0.475346496	39093
0.56010413	39095
0.278261908	39097
0.498001365	39099
0.302089832	39101
0.353424351	39103
0.22922423	39105
0.156462585	39107
0.24932481	39109
0.246335627	39111
0.471473794	39113
0.272019078	39115
0.229272211	39117
0.301681531	39119
0.204425532	39121
0.374206605	39123
0.233883737	39125
0.278009149	39127
0.265600067	39129
0.299053244	39131
0.425359615	39133
0.211135531	39135
0.156306086	39137
0.290831612	39139
0.342082542	39141
0.354043141	39143
0.298500912	39145
0.308206635	39147
0.179273042	39149
0.389663366	39151
0.519818994	39153
0.447843696	39155
0.296722211	39157
0.283797535	39159
0.196333922	39161
0.246986835	39163
0.289145238	39165
0.270453918	39167
0.302162719	39169
0.253099539	39171
0.424486651	39173
0.238938053	39175
0.212430427	40001
0.095744681	40003
0.158936425	40005
0.078676799	40007
0.127241334	40009
0.187450567	40011
0.202758621	40013
0.258997429	40015
0.211149321	40017
0.215939136	40019
0.330866743	40021
0.196346189	40023
0.064995357	40025
0.354810384	40027
0.17175094	40029
0.351925917	40031
0.162951576	40033
0.216164763	40035
0.202667964	40037
0.199601177	40039
0.210841837	40041
0.098842386	40043
0.084884995	40045
0.202424857	40047
0.175861742	40049
0.174237319	40051
0.130454545	40053
0.17035865	40055
0.22974359	40057
0.088215488	40059
0.186311787	40061
0.212375691	40063
0.188700999	40065
0.15565032	40067
0.195451137	40069
0.222328074	40071
0.127878491	40073
0.219547148	40075
0.196790123	40077
0.18867376	40079
0.173059067	40081
0.223717543	40083
0.194085028	40085
0.091203295	40093
0.199562603	40095
0.217858961	40097
0.171803551	40087
0.167989542	40089
0.266649912	40091
0.196561086	40099
0.3293928	40101
0.185010267	40103
0.175123908	40105
0.239766082	40107
0.411759116	40109
0.314492962	40111
0.295269771	40113
0.241811716	40115
0.211314214	40117
0.316587985	40119
0.214724638	40121
0.245240988	40123
0.236259197	40125
0.166852554	40127
0.08589306	40129
0.193343782	40131
0.257345618	40133
0.212024659	40135
0.172425361	40137
0.148154566	40139
0.242793792	40141
0.355548616	40143
0.214779492	40145
0.227260447	40147
0.127052723	40149
0.142155525	40151
0.115013865	40153
0.210048355	41001
0.623801479	41003
0.495162955	41005
0.490087014	41007
0.397136819	41009
0.34309665	41011
0.222632755	41013
0.349667023	41015
0.444029851	41017
0.270516066	41019
0.235859125	41021
0.175497483	41023
0.177142857	41025
0.612443417	41027
0.419601306	41029
0.325895876	41031
0.310304367	41033
0.242134063	41035
0.164656529	41037
0.555011266	41039
0.511753693	41041
0.318982531	41043
0.22241206	41045
0.440444388	41047
0.251692153	41049
0.759594367	41051
0.425087767	41053
0.205493388	41055
0.429907247	41057
0.285878389	41059
0.25840353	41061
0.262628681	41063
0.4118745	41065
0.593956058	41067
0.193181818	41069
0.413046369	41071
0.298633799	42001
0.564415795	42003
0.224955659	42005
0.382420669	42007
0.153718516	42009
0.427256812	42011
0.251648119	42013
0.246584511	42015
0.484163913	42017
0.291588338	42019
0.295809996	42021
0.231719368	42023
0.310469691	42025
0.484852906	42027
0.525763491	42029
0.243464333	42031
0.235531629	42033
0.305478806	42035
0.313414679	42037
0.287236735	42039
0.384833316	42041
0.493907498	42043
0.593925542	42045
0.262523459	42047
0.467587854	42049
0.33365777	42051
0.261050876	42053
0.249794506	42055
0.134064956	42057
0.277967235	42059
0.230149774	42061
0.303965225	42063
0.185273031	42065
0.174004999	42067
0.502170528	42069
0.376607248	42071
0.343558131	42073
0.303194921	42075
0.503734537	42077
0.387656237	42079
0.257008788	42081
0.244156178	42083
0.355506715	42085
0.195350622	42087
0.484198714	42089
0.587296983	42091
0.334036321	42093
0.461817545	42095
0.262617597	42097
0.218881483	42099
0.824051383	42101
0.354753318	42103
0.167159573	42105
0.266517928	42107
0.244351926	42109
0.206185278	42111
0.238636364	42113
0.263802083	42115
0.210107304	42117
0.352758621	42119
0.266518827	42121
0.273944621	42123
0.355211718	42125
0.286071987	42127
0.327423792	42129
0.287727492	42131
0.331907479	42133
0.588554534	44001
0.471596542	44003
0.570408189	44005
0.585551944	44007
0.522303616	44009
0.3461395	45001
0.340042529	45003
0.760760201	45005
0.262030487	45007
0.627280065	45009
0.463656504	45011
0.406444964	45013
0.386370836	45015
0.472527473	45017
0.506386125	45019
0.279902547	45021
0.463455851	45023
0.415985521	45025
0.503760887	45027
0.44199408	45029
0.467876906	45031
0.498632011	45033
0.384387557	45035
0.385692202	45037
0.616423747	45039
0.460965899	45041
0.419873727	45043
0.34663377	45045
0.371783217	45047
0.587104844	45049
0.295021004	45051
0.54790377	45053
0.356467532	45055
0.354314642	45057
0.334101382	45059
0.637484587	45061
0.288461696	45063
0.599423226	45067
0.572587656	45069
0.47535954	45065
0.369871986	45071
0.237966001	45073
0.676334226	45075
0.211311412	45077
0.639911452	45079
0.328192546	45081
0.330217811	45083
0.545405013	45085
0.391081327	45087
0.66110705	45089
0.36350011	45091
0.241648898	46003
0.282339043	46005
0.358572672	46007
0.236718225	46009
0.38477918	46011
0.33836033	46013
0.249562937	46015
0.604081633	46017
0.159456972	46019
0.126353791	46021
0.272356539	46023
0.24019312	46025
0.514499901	46027
0.272002742	46029
0.455319149	46031
0.237489398	46033
0.296151911	46035
0.35456862	46037
0.274038462	46039
0.519625073	46041
0.133333333	46043
0.198123045	46045
0.2304238	46047
0.182468694	46049
0.272318922	46051
0.18699187	46053
0.073754789	46055
0.200941347	46057
0.183718372	46059
0.211365902	46061
0.049414824	46063
0.299645173	46065
0.20564636	46067
0.18115942	46069
0.294977169	46071
0.273009307	46073
0.123655914	46075
0.275578205	46077
0.340996169	46079
0.283398075	46081
0.320082438	46083
0.259676284	46085
0.387262455	46091
0.240819482	46087
0.168865435	46089
0.191291627	46093
0.348462665	46095
0.264097744	46097
0.391117131	46099
0.355631399	46101
0.864640884	46113
0.29479902	46103
0.117061021	46105
0.161048689	46107
0.396037056	46109
0.21460374	46111
0.311419858	46115
0.209955329	46117
0.159117305	46119
0.708235294	46121
0.175665399	46123
0.231566265	46125
0.282077264	46127
0.184497376	46129
0.34328203	46135
0.459530026	46137
0.303132254	47001
0.221176471	47003
0.233154065	47005
0.192688172	47007
0.233080677	47009
0.184152949	47011
0.17978247	47013
0.212492923	47015
0.224813704	47017
0.164483399	47019
0.245023068	47021
0.185979381	47023
0.171025593	47025
0.242206235	47027
0.163528246	47029
0.238301081	47031
0.241737839	47033
0.197809719	47035
0.603060939	47037
0.195324448	47039
0.225648415	47041
0.253397068	47043
0.211813394	47045
0.303791567	47047
0.150458214	47049
0.267188168	47051
0.269708479	47053
0.262140288	47055
0.144520977	47057
0.179260142	47059
0.210105263	47061
0.198017396	47063
0.391670447	47065
0.144459399	47067
0.451633845	47069
0.16303146	47071
0.169227795	47073
0.542790152	47075
0.176563114	47077
0.237526189	47079
0.234862149	47081
0.273301738	47083
0.275528786	47085
0.25387902	47087
0.183742234	47089
0.150701647	47091
0.350657682	47093
0.292893401	47095
0.421295229	47097
0.180163495	47099
0.19343621	47101
0.192162773	47103
0.21095091	47105
0.142990654	47111
0.408802034	47113
0.261170606	47115
0.24978074	47117
0.285901677	47119
0.1876003	47107
0.184055805	47109
0.198561819	47121
0.186744868	47123
0.378609588	47125
0.169514696	47127
0.158013205	47129
0.198396466	47131
0.23709579	47133
0.20910683	47135
0.205442698	47137
0.19202454	47139
0.253987685	47141
0.177416408	47143
0.223957368	47145
0.245322092	47147
0.343857376	47149
0.131124526	47151
0.185459679	47153
0.173935876	47155
0.622670335	47157
0.22780027	47159
0.231307969	47161
0.19896425	47163
0.255388295	47165
0.247261681	47167
0.300127307	47169
0.17583031	47171
0.162798195	47173
0.223003724	47175
0.260597125	47177
0.263160025	47179
0.122731941	47181
0.228415931	47183
0.188420622	47185
0.296007641	47187
0.255054543	47189
0.198851187	48001
0.169711734	48003
0.252360228	48005
0.234833286	48007
0.092293277	48009
0.068829892	48011
0.340683572	48013
0.189228886	48015
0.222533632	48017
0.169000294	48019
0.373628319	48021
0.128016086	48023
0.407070229	48025
0.400089363	48027
0.54465922	48029
0.219439055	48031
0.084931507	48033
0.163780941	48035
0.256193792	48037
0.358075081	48039
0.348915743	48041
0.442262186	48043
0.123978202	48045
0.74614792	48047
0.116209047	48049
0.214686825	48051
0.198729392	48053
0.39824067	48055
0.30444157	48057
0.102231821	48059
0.646148316	48061
0.277410832	48063
0.084550085	48065
0.193865242	48067
0.263527054	48069
0.176399976	48071
0.207532483	48073
0.121401152	48075
0.106964678	48077
0.210876804	48079
0.098383696	48081
0.106464924	48083
0.392200143	48085
0.125649913	48087
0.233136792	48089
0.230090795	48091
0.151305684	48093
0.138706654	48095
0.147539952	48097
0.278976113	48099
0.144082333	48101
0.216509776	48103
0.266666667	48105
0.273364486	48107
0.595800525	48109
0.144625407	48111
0.611264386	48113
0.234418866	48115
0.282075696	48117
0.175515577	48119
0.375059242	48121
0.170184697	48123
0.140814081	48125
0.67379845	48127
0.130136986	48129
0.669151238	48131
0.111896179	48133
0.281115113	48135
0.283568075	48137
0.256834327	48139
0.691392107	48141
0.156335988	48143
0.32148318	48145
0.177330438	48147
0.1928552	48149
0.234030197	48151
0.222165475	48153
0.221135029	48155
0.516482504	48157
0.152662994	48159
0.1920347	48161
0.522176668	48163
0.129529182	48165
0.366977434	48167
0.151864407	48169
0.174197973	48171
0.056478405	48173
0.262052249	48175
0.248572335	48177
0.094972826	48179
0.218322427	48181
0.280986341	48183
0.230268682	48185
0.319958057	48187
0.237446035	48189
0.150596878	48191
0.132723746	48193
0.087827427	48195
0.164791529	48197
0.122057273	48199
0.542235052	48201
0.270444546	48203
0.088431877	48205
0.177903683	48207
0.463019406	48209
0.107291049	48211
0.189214537	48213
0.686392277	48215
0.19642027	48217
0.172617413	48219
0.153177642	48221
0.186108638	48223
0.238255842	48225
0.20340543	48227
0.371986223	48229
0.202052269	48231
0.105094758	48233
0.118421053	48235
0.094040132	48237
0.171374408	48239
0.193393753	48241
0.359148936	48243
0.485377105	48245
0.771590373	48247
0.541713915	48249
0.191653571	48251
0.15761969	48253
0.273357228	48255
0.250494156	48257
0.182233146	48259
0.532258065	48261
0.136258661	48263
0.202035513	48265
0.105912596	48267
0.031446541	48269
0.320926966	48271
0.496994622	48273
0.181885125	48275
0.193073313	48277
0.197183099	48279
0.181494662	48281
0.549048316	48283
0.135526468	48285
0.210364919	48287
0.12272175	48289
0.200827986	48291
0.228556485	48293
0.102118003	48295
0.173189595	48297
0.175869712	48299
0.0625	48301
0.285090761	48303
0.201802704	48305
0.205696941	48313
0.274845459	48315
0.151566952	48317
0.171943497	48319
0.284998727	48321
0.765160436	48323
0.155541154	48307
0.345613699	48309
0.080482897	48311
0.269040554	48325
0.177906977	48327
0.204972002	48329
0.237248751	48331
0.108132261	48333
0.161187215	48335
0.102859135	48337
0.225247805	48339
0.208285823	48341
0.287066882	48343
0.064516129	48345
0.304146233	48347
0.244048346	48349
0.243890274	48351
0.216905565	48353
0.472325362	48355
0.091915465	48357
0.082539683	48359
0.179969145	48361
0.167076167	48363
0.17622203	48365
0.147643274	48367
0.30092264	48369
0.372210223	48371
0.206799443	48373
0.26897282	48375
0.661824784	48377
0.133693305	48379
0.154981138	48381
0.185555556	48383
0.15613826	48385
0.223042549	48387
0.521042714	48389
0.351103565	48391
0.036363636	48393
0.314265335	48395
0.243694503	48397
0.120053121	48399
0.207170685	48401
0.132270573	48403
0.254560763	48405
0.197379913	48407
0.363733556	48409
0.124468989	48411
0.19829222	48413
0.139327124	48415
0.068575233	48417
0.19367284	48419
0.102893891	48421
0.266086266	48423
0.139318885	48425
0.790864768	48427
0.100781929	48429
0.110584518	48431
0.192582026	48433
0.221201413	48435
0.210958904	48437
0.434500748	48439
0.221954668	48441
0.320366133	48443
0.240499149	48445
0.103960396	48447
0.276591107	48449
0.239266219	48451
0.662632889	48453
0.19291207	48455
0.15597942	48457
0.149390627	48459
0.219135802	48461
0.432296329	48463
0.513505491	48465
0.128728849	48467
0.284963908	48469
0.309150028	48471
0.343643434	48473
0.228537943	48475
0.22926697	48477
0.743788137	48479
0.2881621	48481
0.084128361	48483
0.230844301	48485
0.196781273	48487
0.672176309	48489
0.420159183	48491
0.248766554	48493
0.224239188	48495
0.138356109	48497
0.140727234	48499
0.185297956	48501
0.113998433	48503
0.656030632	48505
0.776696165	48507
0.106024096	49001
0.109620498	49003
0.186878118	49005
0.216935278	49007
0.16344086	49009
0.215696391	49011
0.072129256	49013
0.088904527	49015
0.153443766	49017
0.433572711	49019
0.137032695	49021
0.106967615	49023
0.212234348	49025
0.082346198	49027
0.111370717	49029
0.050243112	49031
0.094890511	49033
0.428482871	49035
0.37084494	49037
0.104929433	49039
0.081006259	49041
0.509164059	49043
0.212377678	49045
0.077776915	49047
0.140497994	49049
0.252722772	49051
0.166678262	49053
0.192198582	49055
0.272396901	49057
0.427610282	51001
0.593169915	51003
0.768270058	51510
0.296331782	51005
0.305614783	51007
0.328805065	51009
0.25433744	51011
0.769866939	51013
0.221161452	51015
0.26883638	51017
0.230716351	51019
0.145006402	51021
0.240974197	51023
0.262991674	51520
0.585088293	51025
0.186659436	51027
0.429434377	51029
0.289352818	51530
0.242376369	51031
0.452815561	51033
0.188194598	51035
0.599198932	51036
0.371719613	51037
0.804331187	51540
0.46995806	51550
0.462056729	51041
0.374738655	51043
0.280882876	51570
0.3858168	51580
0.194324713	51045
0.350613483	51047
0.416820513	51049
0.585886969	51590
0.208430913	51051
0.425995714	51053
0.646810308	51595
0.474598431	51057
0.652997653	51059
0.621140543	51600
0.757793139	51610
0.349100312	51061
0.288509784	51063
0.426252594	51065
0.270621153	51067
0.622772277	51620
0.297012434	51069
0.600808262	51630
0.287769784	51640
0.237798926	51071
0.276531448	51073
0.350610194	51075
0.193855056	51077
0.307587078	51079
0.586293835	51081
0.406585625	51083
0.667273821	51650
0.310689583	51085
0.570847228	51660
0.577991677	51087
0.341212701	51089
0.266714594	51091
0.526538805	51670
0.37463991	51093
0.446708941	51095
0.401383126	51097
0.334419654	51099
0.302816901	51101
0.433702076	51103
0.173954881	51105
0.618464052	51678
0.554234044	51107
0.354601017	51109
0.399139322	51111
0.418314521	51680
0.317565619	51113
0.551939513	51683
0.617184503	51685
0.601225949	51690
0.295351474	51115
0.432957765	51117
0.351518185	51119
0.468790256	51121
0.4458591	51125
0.2914577	51127
0.599091069	51700
0.684151014	51710
0.530648843	51131
0.346135029	51133
0.263049451	51720
0.421170165	51135
0.347088652	51137
0.235768545	51139
0.208269525	51141
0.875191368	51730
0.290182094	51143
0.224768063	51735
0.661906977	51740
0.241574372	51145
0.503676067	51147
0.397707559	51149
0.573632761	51153
0.275939651	51155
0.484582228	51750
0.391764176	51157
0.368940016	51159
0.787973481	51760
0.334742467	51161
0.560846434	51770
0.328123538	51163
0.25621305	51165
0.190897909	51167
0.347266881	51775
0.1570363	51169
0.259109909	51171
0.20748538	51173
0.405207394	51175
0.38986518	51177
0.426610559	51179
0.478194544	51790
0.54883255	51800
0.520372233	51181
0.570691025	51183
0.156528792	51185
0.446507948	51810
0.290315328	51187
0.215749563	51191
0.41277156	51820
0.449041129	51193
0.690071675	51830
0.48808398	51840
0.179240878	51195
0.208679245	51197
0.381334038	51199
0.637619372	50001
0.583603548	50003
0.497069258	50005
0.704904029	50007
0.376570584	50009
0.482682083	50011
0.554261514	50013
0.622025599	50015
0.558674985	50017
0.471514379	50019
0.492733189	50021
0.648914637	50023
0.677982129	50025
0.63035355	50027
0.273952463	53001
0.321974391	53003
0.327317409	53005
0.392850629	53007
0.459420949	53009
0.463250317	53011
0.24090281	53013
0.392261185	53015
0.313944362	53017
0.306460674	53019
0.380829771	53021
0.224025974	53023
0.27487615	53025
0.425568522	53027
0.489475545	53029
0.624676617	53031
0.721489247	53033
0.510524763	53035
0.392167558	53037
0.383507455	53039
0.2894979	53041
0.217498243	53043
0.427557892	53045
0.365372257	53047
0.430955283	53049
0.284619918	53051
0.496931108	53053
0.666068562	53055
0.475570389	53057
0.395024163	53059
0.54263383	53061
0.416136024	53063
0.264509064	53065
0.53159827	53067
0.353193313	53069
0.382898874	53071
0.548885172	53073
0.455227573	53075
0.393936879	53077
0.373998219	55001
0.521826899	55003
0.350048858	55005
0.521862817	55007
0.418503965	55009
0.365698598	55011
0.338112169	55013
0.364523819	55015
0.377331512	55017
0.311854148	55019
0.461808994	55021
0.446209951	55023
0.713768627	55025
0.326217946	55027
0.461317393	55029
0.511246338	55031
0.40968723	55033
0.50427145	55035
0.251225952	55037
0.340372646	55039
0.351231418	55041
0.417737308	55043
0.485391943	55045
0.289855072	55047
0.550111359	55049
0.366120219	55051
0.415235818	55053
0.391243739	55055
0.34935242	55057
0.471744148	55059
0.337274251	55061
0.516078681	55063
0.432517758	55065
0.322996136	55067
0.368742704	55069
0.364156935	55071
0.3845517	55073
0.312478102	55075
0.359400998	55077
0.784206411	55078
0.664381452	55079
0.360386622	55081
0.295422606	55083
0.388875558	55085
0.407460898	55087
0.377885624	55089
0.359049653	55091
0.397363554	55093
0.333524305	55095
0.4859009	55097
0.353306878	55099
0.45374581	55101
0.44925898	55103
0.52417947	55105
0.308863281	55107
0.470324605	55111
0.366422042	55113
0.307457989	55115
0.388334191	55117
0.37369444	55109
0.254645853	55119
0.415654223	55121
0.447474107	55123
0.354493422	55125
0.369903105	55127
0.362402031	55129
0.27350943	55131
0.339516361	55133
0.325722804	55135
0.317866399	55137
0.431402226	55139
0.377386508	55141
0.201361222	54001
0.287280804	54003
0.206031893	54005
0.259727434	54007
0.267190776	54009
0.345738662	54011
0.175115207	54013
0.191345504	54015
0.127388535	54017
0.279581221	54019
0.212420886	54021
0.103134479	54023
0.267663043	54025
0.184176697	54027
0.256842272	54029
0.207406177	54031
0.275405483	54033
0.218698381	54035
0.393968426	54037
0.373153235	54039
0.194045025	54041
0.205352032	54043
0.169062119	54045
0.3023134	54049
0.221203088	54051
0.204547701	54053
0.231267195	54047
0.204590078	54055
0.176950044	54057
0.14415461	54059
0.40769037	54061
0.192063492	54063
0.205370007	54065
0.194033031	54067
0.305965542	54069
0.226027397	54071
0.198083067	54073
0.255319149	54075
0.19522639	54077
0.236632165	54079
0.217051619	54081
0.251849112	54083
0.121287129	54085
0.233091326	54087
0.244687436	54089
0.228224069	54091
0.216512702	54093
0.139464236	54095
0.19204793	54097
0.221087533	54099
0.187478849	54101
0.217735422	54103
0.158921162	54105
0.236186748	54107
0.135868869	54109
0.419488429	56001
0.116952156	56003
0.073822135	56005
0.206290323	56007
0.101953602	56009
0.071864227	56011
0.253883818	56013
0.161878066	56015
0.157790927	56017
0.146700391	56019
0.289698335	56021
0.131578947	56023
0.202289724	56025
0.088666153	56027
0.173226732	56029
0.161210762	56031
0.206245154	56033
0.149872004	56035
0.194045976	56037
0.600607753	56039
0.149261145	56041
0.14320323	56043
0.088182364	56045